collection_name,embedding_model,chunk_size,chunk_overlap,is_default,status,n_chunks,build_time_s
BAAI_bge-base-en-v1.5_cs128_co0,BAAI/bge-base-en-v1.5,128,0,False,gebaut,7280,323.2172806999879
BAAI_bge-base-en-v1.5_cs128_co32,BAAI/bge-base-en-v1.5,128,32,False,gebaut,8808,401.8720147999993
BAAI_bge-base-en-v1.5_cs128_co64,BAAI/bge-base-en-v1.5,128,64,False,gebaut,12089,564.3148408999841
BAAI_bge-base-en-v1.5_cs256_co0,BAAI/bge-base-en-v1.5,256,0,False,gebaut,3967,280.95954699997674
BAAI_bge-base-en-v1.5_cs256_co32,BAAI/bge-base-en-v1.5,256,32,False,gebaut,4190,305.97308820000035
BAAI_bge-base-en-v1.5_cs256_co64,BAAI/bge-base-en-v1.5,256,64,False,gebaut,4531,336.1772728000069
BAAI_bge-base-en-v1.5_cs256_co128,BAAI/bge-base-en-v1.5,256,128,False,gebaut,5696,452.0877182999975
BAAI_bge-base-en-v1.5_cs512_co0,BAAI/bge-base-en-v1.5,512,0,False,gebaut,2326,261.9686471000023
BAAI_bge-base-en-v1.5_cs512_co32,BAAI/bge-base-en-v1.5,512,32,False,gebaut,2348,278.281550100015
BAAI_bge-base-en-v1.5_cs512_co64,BAAI/bge-base-en-v1.5,512,64,False,übersprungen,2376,0.0
BAAI_bge-base-en-v1.5_cs512_co128,BAAI/bge-base-en-v1.5,512,128,False,gebaut,2444,302.66284950001864
BAAI_bge-base-en-v1.5_cs1024_co0,BAAI/bge-base-en-v1.5,1024,0,False,gebaut,1621,253.14423159998842
BAAI_bge-base-en-v1.5_cs1024_co32,BAAI/bge-base-en-v1.5,1024,32,False,gebaut,1624,255.65934439998819
BAAI_bge-base-en-v1.5_cs1024_co64,BAAI/bge-base-en-v1.5,1024,64,False,gebaut,1626,259.6757532999909
BAAI_bge-base-en-v1.5_cs1024_co128,BAAI/bge-base-en-v1.5,1024,128,False,gebaut,1629,259.62302920001093
BAAI_bge-small-en-v1.5_cs128_co0,BAAI/bge-small-en-v1.5,128,0,False,gebaut,7280,105.37488440002198
BAAI_bge-small-en-v1.5_cs128_co32,BAAI/bge-small-en-v1.5,128,32,False,gebaut,8808,121.61350700000185
BAAI_bge-small-en-v1.5_cs128_co64,BAAI/bge-small-en-v1.5,128,64,False,gebaut,12089,170.72771599999396
BAAI_bge-small-en-v1.5_cs256_co0,BAAI/bge-small-en-v1.5,256,0,False,gebaut,3967,90.28879640001105
BAAI_bge-small-en-v1.5_cs256_co32,BAAI/bge-small-en-v1.5,256,32,False,gebaut,4190,97.9528399000119
BAAI_bge-small-en-v1.5_cs256_co64,BAAI/bge-small-en-v1.5,256,64,False,gebaut,4531,109.55686750001041
BAAI_bge-small-en-v1.5_cs256_co128,BAAI/bge-small-en-v1.5,256,128,False,gebaut,5696,142.62414949998492
BAAI_bge-small-en-v1.5_cs512_co0,BAAI/bge-small-en-v1.5,512,0,False,gebaut,2326,81.51326990002417
BAAI_bge-small-en-v1.5_cs512_co32,BAAI/bge-small-en-v1.5,512,32,False,gebaut,2348,83.4900304999901
BAAI_bge-small-en-v1.5_cs512_co64,BAAI/bge-small-en-v1.5,512,64,False,gebaut,2376,87.26242529999581
BAAI_bge-small-en-v1.5_cs512_co128,BAAI/bge-small-en-v1.5,512,128,False,gebaut,2444,94.04921060000197
BAAI_bge-small-en-v1.5_cs1024_co0,BAAI/bge-small-en-v1.5,1024,0,False,gebaut,1621,79.7144421999983
BAAI_bge-small-en-v1.5_cs1024_co32,BAAI/bge-small-en-v1.5,1024,32,False,gebaut,1624,80.5792290000245
BAAI_bge-small-en-v1.5_cs1024_co64,BAAI/bge-small-en-v1.5,1024,64,False,gebaut,1626,81.35026869998546
BAAI_bge-small-en-v1.5_cs1024_co128,BAAI/bge-small-en-v1.5,1024,128,False,gebaut,1629,82.15131450002082
all-MiniLM-L6-v2_cs128_co0,all-MiniLM-L6-v2,128,0,False,gebaut,7280,59.18500500000664
all-MiniLM-L6-v2_cs128_co32,all-MiniLM-L6-v2,128,32,False,gebaut,8808,69.0639503999846
all-MiniLM-L6-v2_cs128_co64,all-MiniLM-L6-v2,128,64,False,gebaut,12089,94.05041369999526
all-MiniLM-L6-v2_cs256_co0,all-MiniLM-L6-v2,256,0,False,übersprungen,3967,0.0
all-MiniLM-L6-v2_cs256_co32,all-MiniLM-L6-v2,256,32,False,gebaut,4190,51.40075870000874
all-MiniLM-L6-v2_cs256_co64,all-MiniLM-L6-v2,256,64,False,gebaut,4531,57.683113100007176
all-MiniLM-L6-v2_cs256_co128,all-MiniLM-L6-v2,256,128,False,gebaut,5696,74.65709510000306
all-MiniLM-L6-v2_cs512_co0,all-MiniLM-L6-v2,512,0,False,gebaut,2326,42.82098970000516
all-MiniLM-L6-v2_cs512_co32,all-MiniLM-L6-v2,512,32,False,gebaut,2348,44.174537899991265
all-MiniLM-L6-v2_cs512_co64,all-MiniLM-L6-v2,512,64,False,gebaut,2376,45.894293699995615
all-MiniLM-L6-v2_cs512_co128,all-MiniLM-L6-v2,512,128,False,gebaut,2444,48.63677729998017
all-MiniLM-L6-v2_cs1000_co200,all-MiniLM-L6-v2,1000,200,True,übersprungen,1641,0.0
all-MiniLM-L6-v2_cs1024_co0,all-MiniLM-L6-v2,1024,0,False,gebaut,1621,41.84031929998309
all-MiniLM-L6-v2_cs1024_co32,all-MiniLM-L6-v2,1024,32,False,gebaut,1624,40.71168010000838
all-MiniLM-L6-v2_cs1024_co64,all-MiniLM-L6-v2,1024,64,False,gebaut,1626,41.71575939998729
all-MiniLM-L6-v2_cs1024_co128,all-MiniLM-L6-v2,1024,128,False,gebaut,1629,42.05343729999731
