scenario,w_recall,w_precision,w_f1,chunk_size,chunk_overlap,top_k,embedding_model,retrieval_strategy,weighted_composite,same_as_standard
standard,0.4,0.3,0.3,1024,0,2,BAAI/bge-small-en-v1.5,dense,0.7625642857142857,True
gleichgewichtet,0.3333333333333333,0.3333333333333333,0.3333333333333333,1024,0,2,BAAI/bge-small-en-v1.5,dense,0.7622936507936506,True
recall-lastig,0.5,0.25,0.25,256,32,10,BAAI/bge-base-en-v1.5,dense,0.7760119047619048,False
precision-lastig,0.25,0.5,0.25,1024,0,2,BAAI/bge-small-en-v1.5,dense,0.762970238095238,True
f1-lastig,0.25,0.25,0.5,1024,0,3,BAAI/bge-small-en-v1.5,dense,0.7651904761904758,False
raster_0_0_10,0.0,0.0,1.0,1024,0,10,BAAI/bge-base-en-v1.5,dense,0.925714285714285,False
raster_0_1_9,0.0,0.1,0.9,1024,64,10,BAAI/bge-base-en-v1.5,dense,0.8527428571428565,False
raster_0_2_8,0.0,0.2,0.8,256,32,10,BAAI/bge-base-en-v1.5,dense,0.7842380952380954,False
raster_0_3_7,0.0,0.3,0.7,1024,0,2,BAAI/bge-small-en-v1.5,dense,0.7593166666666664,True
raster_0_4_6,0.0,0.4,0.6,1024,0,2,BAAI/bge-small-en-v1.5,dense,0.7601285714285713,True
raster_0_5_5,0.0,0.5,0.5,1024,0,2,BAAI/bge-small-en-v1.5,dense,0.7609404761904761,True
raster_0_6_4,0.0,0.6,0.4,1024,0,2,BAAI/bge-small-en-v1.5,dense,0.7617523809523808,True
raster_0_7_3,0.0,0.7,0.3,1024,0,2,BAAI/bge-small-en-v1.5,dense,0.7625642857142856,True
raster_0_8_2,0.0,0.8,0.2,512,128,2,BAAI/bge-small-en-v1.5,dense,0.7651761904761906,False
raster_0_9_1,0.0,0.9,0.1,512,128,2,BAAI/bge-small-en-v1.5,dense,0.7725880952380952,False
raster_0_10_0,0.0,1.0,0.0,512,128,2,BAAI/bge-small-en-v1.5,dense,0.78,False
raster_1_0_9,0.1,0.0,0.9,1024,0,10,BAAI/bge-base-en-v1.5,dense,0.9291428571428565,False
raster_1_1_8,0.1,0.1,0.8,1024,64,10,BAAI/bge-base-en-v1.5,dense,0.856171428571428,False
raster_1_2_7,0.1,0.2,0.7,256,32,10,BAAI/bge-base-en-v1.5,dense,0.7888333333333333,False
raster_1_3_6,0.1,0.3,0.6,1024,0,2,BAAI/bge-small-en-v1.5,dense,0.7601285714285713,True
raster_1_4_5,0.1,0.4,0.5,1024,0,2,BAAI/bge-small-en-v1.5,dense,0.7609404761904761,True
raster_1_5_4,0.1,0.5,0.4,1024,0,2,BAAI/bge-small-en-v1.5,dense,0.761752380952381,True
raster_1_6_3,0.1,0.6,0.3,1024,0,2,BAAI/bge-small-en-v1.5,dense,0.7625642857142856,True
raster_1_7_2,0.1,0.7,0.2,1024,0,2,BAAI/bge-small-en-v1.5,dense,0.7633761904761904,True
raster_1_8_1,0.1,0.8,0.1,512,128,2,BAAI/bge-small-en-v1.5,dense,0.7700880952380953,False
raster_1_9_0,0.1,0.9,0.0,512,128,2,BAAI/bge-small-en-v1.5,dense,0.7775000000000001,False
raster_2_0_8,0.2,0.0,0.8,1024,0,10,BAAI/bge-base-en-v1.5,dense,0.9325714285714282,False
raster_2_1_7,0.2,0.1,0.7,1024,64,10,BAAI/bge-base-en-v1.5,dense,0.8595999999999994,False
raster_2_2_6,0.2,0.2,0.6,256,32,10,BAAI/bge-base-en-v1.5,dense,0.7934285714285716,False
raster_2_3_5,0.2,0.3,0.5,1024,0,2,BAAI/bge-small-en-v1.5,dense,0.7609404761904761,True
raster_2_4_4,0.2,0.4,0.4,1024,0,2,BAAI/bge-small-en-v1.5,dense,0.761752380952381,True
raster_2_5_3,0.2,0.5,0.3,1024,0,2,BAAI/bge-small-en-v1.5,dense,0.7625642857142857,True
raster_2_6_2,0.2,0.6,0.2,1024,0,2,BAAI/bge-small-en-v1.5,dense,0.7633761904761904,True
raster_2_7_1,0.2,0.7,0.1,512,128,2,BAAI/bge-small-en-v1.5,dense,0.7675880952380951,False
raster_2_8_0,0.2,0.8,0.0,512,128,2,BAAI/bge-small-en-v1.5,dense,0.7750000000000001,False
raster_3_0_7,0.3,0.0,0.7,1024,0,10,BAAI/bge-base-en-v1.5,dense,0.9359999999999995,False
raster_3_1_6,0.3,0.1,0.6,1024,64,10,BAAI/bge-base-en-v1.5,dense,0.8630285714285709,False
raster_3_2_5,0.3,0.2,0.5,256,32,10,BAAI/bge-base-en-v1.5,dense,0.7980238095238096,False
raster_3_3_4,0.3,0.3,0.4,1024,0,2,BAAI/bge-small-en-v1.5,dense,0.7617523809523808,True
raster_3_4_3,0.3,0.4,0.3,1024,0,2,BAAI/bge-small-en-v1.5,dense,0.7625642857142857,True
raster_3_5_2,0.3,0.5,0.2,1024,0,2,BAAI/bge-small-en-v1.5,dense,0.7633761904761904,True
raster_3_6_1,0.3,0.6,0.1,512,128,2,BAAI/bge-small-en-v1.5,dense,0.7650880952380951,False
raster_3_7_0,0.3,0.7,0.0,512,128,2,BAAI/bge-small-en-v1.5,dense,0.7725,False
raster_4_0_6,0.4,0.0,0.6,1024,0,10,BAAI/bge-base-en-v1.5,dense,0.9394285714285711,False
raster_4_1_5,0.4,0.1,0.5,1024,64,10,BAAI/bge-base-en-v1.5,dense,0.8664571428571424,False
raster_4_2_4,0.4,0.2,0.4,256,32,10,BAAI/bge-base-en-v1.5,dense,0.8026190476190478,False
raster_4_3_3,0.4,0.3,0.3,1024,0,2,BAAI/bge-small-en-v1.5,dense,0.7625642857142857,True
raster_4_4_2,0.4,0.4,0.2,1024,0,2,BAAI/bge-small-en-v1.5,dense,0.7633761904761905,True
raster_4_5_1,0.4,0.5,0.1,1024,0,2,BAAI/bge-small-en-v1.5,dense,0.7641880952380953,True
raster_4_6_0,0.4,0.6,0.0,512,128,2,BAAI/bge-small-en-v1.5,dense,0.77,False
raster_5_0_5,0.5,0.0,0.5,1024,0,10,BAAI/bge-base-en-v1.5,dense,0.9428571428571425,False
raster_5_1_4,0.5,0.1,0.4,1024,64,10,BAAI/bge-base-en-v1.5,dense,0.8698857142857139,False
raster_5_2_3,0.5,0.2,0.3,256,32,10,BAAI/bge-base-en-v1.5,dense,0.8072142857142859,False
raster_5_3_2,0.5,0.3,0.2,1024,0,2,BAAI/bge-small-en-v1.5,dense,0.7633761904761904,True
raster_5_4_1,0.5,0.4,0.1,1024,0,2,BAAI/bge-small-en-v1.5,dense,0.7641880952380953,True
raster_5_5_0,0.5,0.5,0.0,512,0,2,BAAI/bge-small-en-v1.5,dense,0.7675000000000001,False
raster_6_0_4,0.6,0.0,0.4,1024,0,10,BAAI/bge-base-en-v1.5,dense,0.946285714285714,False
raster_6_1_3,0.6,0.1,0.3,256,32,10,BAAI/bge-base-en-v1.5,dense,0.8742142857142858,False
raster_6_2_2,0.6,0.2,0.2,256,32,10,BAAI/bge-base-en-v1.5,dense,0.811809523809524,False
raster_6_3_1,0.6,0.3,0.1,1024,0,2,BAAI/bge-small-en-v1.5,dense,0.764188095238095,True
raster_6_4_0,0.6,0.4,0.0,512,0,2,BAAI/bge-small-en-v1.5,dense,0.767,False
raster_7_0_3,0.7,0.0,0.3,1024,0,10,BAAI/bge-base-en-v1.5,dense,0.9497142857142855,False
raster_7_1_2,0.7,0.1,0.2,256,32,10,BAAI/bge-base-en-v1.5,dense,0.8788095238095238,False
raster_7_2_1,0.7,0.2,0.1,256,32,10,BAAI/bge-base-en-v1.5,dense,0.816404761904762,False
raster_7_3_0,0.7,0.3,0.0,512,0,2,BAAI/bge-small-en-v1.5,dense,0.7665,False
raster_8_0_2,0.8,0.0,0.2,1024,0,10,BAAI/bge-base-en-v1.5,dense,0.9531428571428571,False
raster_8_1_1,0.8,0.1,0.1,256,0,10,BAAI/bge-base-en-v1.5,dense,0.8834714285714285,False
raster_8_2_0,0.8,0.2,0.0,256,0,10,BAAI/bge-base-en-v1.5,dense,0.8217999999999999,False
raster_9_0_1,0.9,0.0,0.1,1024,0,10,BAAI/bge-base-en-v1.5,dense,0.9565714285714285,False
raster_9_1_0,0.9,0.1,0.0,256,0,10,BAAI/bge-base-en-v1.5,dense,0.8908999999999999,False
raster_10_0_0,1.0,0.0,0.0,256,0,10,BAAI/bge-base-en-v1.5,dense,0.96,False
